Data;Precipitazione dalle 9 alle 9 ( mm );Precipitazione dalle 0 alle 0 ( mm );Temperatura media ( °C );Temperatura massima ( °C );Temperatura minima ( °C );Velocita' media ( m/s );Raffica ( m/s );Durata Calma ( min );Settore Prevalente;Tempo Permanenza ( min );
01/01/2022;0.0;0.0;13.1;18.2;8.6;1.7;5.7;10;N;340;
02/01/2022;0.0;0.0;8.7;12.0;6.5;1.6;4.7;60;NNE;260;
03/01/2022;0.0;0.0;6.8;10.5;4.6;1.3;4.6;20;S;240;
04/01/2022;0.0;0.0;5.6;7.2;3.3;1.2;3.9;80;N;370;
05/01/2022;2.8;0.0;6.1;8.9;4.7;2.3;14.5;30;N;580;
06/01/2022;0.0;2.8;4.4;7.7;1.4;2.2;8.6;0;S;270;
07/01/2022;0.0;0.0;2.1;7.1;-0.6;2.2;5.5;10;N;510;
08/01/2022;0.0;0.0;1.4;6.3;-1.3;2.2;8.0;10;NE;250;
09/01/2022;0.0;0.0;2.9;7.6;-0.7;2.5;7.3;10;N;800;
10/01/2022;0.0;0.0;4.2;10.8;-0.2;2.6;7.8;0;N;490;
11/01/2022;0.0;0.0;5.1;11.0;2.3;2.8;6.4;0;N;560;
12/01/2022;0.0;0.0;3.3;8.3;0.5;1.9;6.0;0;SSE;290;
13/01/2022;0.0;0.0;4.3;8.9;1.3;2.3;5.2;0;N;550;
14/01/2022;0.0;0.0;8.5;14.3;4.1;2.0;5.1;0;N;570;
15/01/2022;0.0;0.0;10.4;15.2;7.0;2.2;5.7;0;NNE;280;
16/01/2022;0.0;0.0;7.5;11.1;5.3;2.0;4.5;20;N;450;
17/01/2022;0.0;0.0;10.2;16.0;6.9;2.7;6.1;0;N;620;
18/01/2022;0.0;0.0;8.4;14.3;4.0;2.5;8.1;0;N;420;
19/01/2022;0.0;0.0;4.0;6.9;2.8;2.2;5.9;20;N;430;
20/01/2022;0.0;0.0;5.5;9.5;1.3;2.5;8.2;0;NNE;270;
21/01/2022;0.0;0.0;4.2;10.3;0.0;2.8;8.3;0;N;530;
22/01/2022;0.0;0.0;6.0;11.6;-1.9;2.2;5.6;0;N;580;
23/01/2022;0.0;0.0;4.2;9.9;1.5;2.5;7.4;0;NE;240;
24/01/2022;0.0;0.0;3.1;8.8;-1.1;2.0;5.8;0;SSE;200;
25/01/2022;0.0;0.0;1.3;5.7;-0.7;1.9;4.6;40;N;380;
26/01/2022;0.0;0.0;4.1;8.4;0.3;1.4;5.3;50;N;150;
27/01/2022;0.0;0.0;5.7;10.3;2.4;1.3;5.1;20;N;310;
28/01/2022;0.0;0.0;9.8;16.7;4.5;2.5;9.1;0;N;270;
29/01/2022;0.0;0.0;7.4;12.0;4.0;2.4;6.5;0;NE;270;
30/01/2022;0.0;0.0;11.7;18.0;6.0;2.2;5.7;10;N;340;
31/01/2022;0.0;0.0;5.9;11.3;1.5;2.5;12.1;30;NE;260;
01/02/2022;0.0;0.0;7.6;12.5;3.3;2.7;7.3;0;N;380;
02/02/2022;0.0;0.0;12.0;18.7;7.8;3.0;7.7;0;N;270;
03/02/2022;0.0;0.0;9.5;13.7;5.1;2.4;6.8;0;N;390;
04/02/2022;0.0;0.0;6.7;12.2;4.2;2.3;6.0;0;N;430;
05/02/2022;0.0;0.0;7.1;12.8;4.0;1.9;5.1;0;S;250;
06/02/2022;0.0;0.0;5.1;8.4;3.5;1.9;5.1;10;N;330;
07/02/2022;0.0;0.0;8.1;12.3;4.0;2.3;14.1;0;NE;310;
08/02/2022;0.0;0.0;8.5;13.5;4.9;2.2;6.0;20;NNW;240;
09/02/2022;0.0;0.0;8.7;14.5;5.4;2.4;5.8;0;N;380;
10/02/2022;0.0;0.0;7.6;13.1;5.1;2.4;6.4;20;N;700;
11/02/2022;0.0;0.0;8.5;14.7;5.3;2.2;10.2;30;N;610;
12/02/2022;0.0;0.0;4.5;7.6;2.6;2.4;6.4;10;N;660;
13/02/2022;0.0;0.0;4.0;9.5;0.8;2.4;5.7;0;N;670;
14/02/2022;0.0;0.0;1.7;4.9;-0.2;1.5;4.7;100;;;
15/02/2022;0.0;0.0;3.0;7.5;-0.3;1.7;5.3;110;N;430;
16/02/2022;10.0;10.0;5.6;10.4;2.0;2.4;5.0;10;N;380;
17/02/2022;0.0;0.0;10.0;16.0;4.1;1.7;5.6;20;N;300;
18/02/2022;0.0;0.0;6.8;13.7;2.7;1.6;5.6;40;N;360;
19/02/2022;0.4;0.4;8.3;13.3;5.2;2.0;5.3;0;N;280;
20/02/2022;0.0;0.0;9.7;15.5;5.4;2.0;5.9;0;S;230;
21/02/2022;0.0;0.0;8.9;13.3;5.7;2.8;12.3;0;N;360;
22/02/2022;0.0;0.0;10.0;16.1;5.1;2.8;6.5;0;N;630;
23/02/2022;0.0;0.0;11.2;17.3;7.4;2.7;6.4;20;N;430;
24/02/2022;0.0;0.0;8.3;12.5;5.7;1.9;5.4;20;N;490;
25/02/2022;0.0;0.0;8.3;17.0;4.5;2.2;13.9;10;N;440;
26/02/2022;0.0;0.0;7.6;15.1;2.1;2.3;9.2;10;N;340;
27/02/2022;0.0;0.0;5.2;10.9;1.6;2.5;7.3;0;N;580;
28/02/2022;0.0;0.0;6.1;12.3;2.3;2.4;9.4;0;N;400;
01/03/2022;0.0;0.0;3.6;9.6;0.7;2.1;7.8;0;NNW;310;
02/03/2022;0.0;0.0;5.4;11.3;1.3;2.2;5.9;20;N;440;
03/03/2022;0.0;0.0;7.5;13.6;3.7;2.3;6.3;0;SSE;460;
04/03/2022;0.0;0.0;6.6;11.5;3.4;2.6;6.3;10;SE;340;
05/03/2022;0.0;0.0;4.3;8.1;1.9;2.0;6.2;0;SSE;310;
06/03/2022;0.0;0.0;3.7;9.2;1.0;2.1;6.6;10;S;350;
07/03/2022;0.0;0.0;3.9;9.5;-0.2;2.1;6.2;0;N;400;
08/03/2022;0.0;0.0;2.6;6.4;0.6;1.8;6.6;10;NE;190;
09/03/2022;0.0;0.0;5.3;12.1;0.3;1.8;5.8;20;SSE;370;
10/03/2022;0.0;0.0;7.8;14.2;3.4;2.2;6.6;10;NNE;380;
11/03/2022;0.0;0.0;5.7;8.1;3.7;1.9;7.1;20;NNE;270;
12/03/2022;0.0;0.0;4.2;6.9;2.6;1.5;4.9;20;N;280;
13/03/2022;0.0;0.0;4.9;8.2;1.4;1.9;6.3;0;S;280;
14/03/2022;0.0;0.0;6.7;12.5;3.0;2.0;6.6;10;N;510;
15/03/2022;1.4;0.4;7.4;10.6;5.3;1.4;3.9;80;N;660;
16/03/2022;0.0;1.0;9.5;14.4;5.8;2.0;7.3;30;S;400;
17/03/2022;0.6;0.0;8.8;11.0;6.9;1.5;5.7;70;N;320;
18/03/2022;0.0;0.6;9.9;12.2;8.3;1.9;6.0;0;SE;460;
19/03/2022;0.0;0.0;8.7;14.3;5.1;2.6;7.7;0;SE;520;
20/03/2022;0.0;0.0;8.0;14.3;4.2;2.5;7.7;0;SE;320;
21/03/2022;0.0;0.0;8.1;13.7;4.8;2.2;7.5;0;NNE;270;
22/03/2022;0.0;0.0;9.1;15.9;4.2;2.6;6.6;10;N;450;
23/03/2022;0.0;0.0;12.1;19.1;6.0;2.7;6.6;0;N;560;
24/03/2022;0.0;0.0;14.8;21.7;9.6;2.4;8.6;20;SSE;390;
25/03/2022;0.0;0.0;14.2;20.9;9.8;2.7;7.5;0;N;480;
26/03/2022;0.0;0.0;14.5;21.5;9.6;2.9;7.6;0;N;700;
27/03/2022;0.0;0.0;14.7;20.6;10.9;2.8;6.8;0;N;630;
28/03/2022;0.0;0.0;15.1;22.1;10.8;2.8;7.6;10;N;650;
29/03/2022;0.0;0.0;12.5;18.4;8.6;2.7;7.4;0;SE;360;
30/03/2022;4.0;0.0;7.7;9.5;6.1;1.9;5.5;0;N;610;
31/03/2022;5.4;8.6;9.3;13.6;6.3;1.7;6.5;20;N;270;
01/04/2022;0.0;0.8;7.8;15.7;4.0;3.4;12.3;0;N;470;
02/04/2022;3.8;3.8;5.0;7.7;2.7;2.2;8.6;0;N;480;
03/04/2022;0.2;0.2;5.6;12.9;2.4;2.1;7.6;50;SE;370;
04/04/2022;0.2;0.2;6.1;12.2;3.2;1.7;6.0;70;SE;140;
05/04/2022;0.0;0.0;10.2;16.9;4.2;2.4;7.2;0;N;380;
06/04/2022;0.0;0.0;11.1;17.6;7.1;2.6;7.5;0;SSE;390;
07/04/2022;0.0;0.0;12.7;20.0;7.7;2.4;7.1;10;N;370;
08/04/2022;0.0;0.0;14.7;21.1;9.8;2.5;8.8;10;SE;400;
09/04/2022;0.0;0.0;11.2;15.4;3.6;4.8;18.5;10;N;950;
10/04/2022;0.0;0.0;9.2;16.7;1.7;2.7;9.0;0;S;520;
11/04/2022;0.0;0.0;11.0;17.7;6.2;2.4;7.6;10;SSE;450;
12/04/2022;0.0;0.0;13.0;19.3;7.7;2.5;7.5;0;SE;420;
13/04/2022;0.0;0.0;14.5;21.3;9.5;2.5;7.5;0;SE;570;
14/04/2022;0.0;0.0;16.8;24.3;10.9;2.4;7.8;20;N;500;
15/04/2022;0.0;0.0;18.6;25.8;13.6;2.3;6.3;0;SSE;320;
16/04/2022;0.0;0.0;17.8;25.4;12.1;3.0;12.5;0;N;350;
17/04/2022;0.0;0.0;11.9;18.2;8.4;2.8;8.6;0;SE;560;
18/04/2022;0.0;0.0;12.1;19.1;6.6;2.5;7.5;10;SSE;320;
19/04/2022;0.0;0.0;13.0;20.5;7.4;2.6;7.8;0;S;410;
20/04/2022;0.2;0.0;;;;;;;;;
21/04/2022;;;;;;;;;;;
22/04/2022;0.0;;11.7;17.5;8.0;2.8;10.5;20;SE;380;
23/04/2022;16.0;0.0;8.9;10.2;7.5;3.2;12.4;0;NNE;320;
24/04/2022;23.4;39.4;9.7;13.8;7.0;1.9;8.9;10;N;370;
25/04/2022;0.0;0.0;12.5;19.0;8.2;2.5;8.0;0;N;510;
26/04/2022;0.0;0.0;12.2;17.2;9.8;1.7;7.7;60;SE;300;
27/04/2022;0.2;0.2;15.2;21.5;9.8;2.4;7.1;20;SSE;350;
28/04/2022;0.0;0.0;16.0;22.2;11.3;2.5;7.6;0;SSE;400;
29/04/2022;0.0;0.0;16.0;21.7;12.6;2.3;7.5;10;SSE;460;
30/04/2022;0.0;0.0;14.6;20.6;11.4;1.7;5.9;20;N;570;
01/05/2022;0.0;0.0;15.4;21.9;10.9;2.4;7.1;0;SE;450;
02/05/2022;0.0;0.0;15.4;21.5;10.1;2.1;7.5;20;NNE;390;
03/05/2022;0.0;0.0;13.9;17.2;11.7;1.9;10.6;20;N;690;
04/05/2022;1.6;0.0;13.7;21.0;10.3;2.0;6.0;0;N;810;
05/05/2022;0.6;2.0;11.3;13.4;9.5;2.1;7.6;0;N;890;
06/05/2022;8.4;5.2;11.1;14.7;9.1;2.0;5.2;0;N;520;
07/05/2022;0.6;4.0;13.4;20.8;10.5;1.8;7.8;20;SSE;350;
08/05/2022;10.6;7.8;14.2;19.5;11.1;1.7;6.8;20;N;650;
09/05/2022;1.4;4.2;17.7;23.1;13.3;2.1;6.6;0;N;560;
10/05/2022;0.0;0.0;19.4;25.3;14.2;2.1;7.6;0;S;380;
11/05/2022;0.0;0.0;20.8;26.7;16.1;2.2;7.1;0;SSE;440;
12/05/2022;0.0;0.0;19.9;26.6;15.3;2.3;6.9;10;N;390;
13/05/2022;0.0;0.0;20.2;26.7;15.4;1.8;5.7;30;SSE;410;
14/05/2022;0.4;0.0;20.9;26.9;15.8;2.0;5.9;0;SSE;390;
15/05/2022;0.0;0.4;21.5;28.1;17.4;2.1;8.5;0;N;380;
16/05/2022;1.4;1.4;21.1;27.9;17.4;2.0;6.1;10;N;670;
17/05/2022;0.2;0.2;22.5;28.2;16.5;2.0;7.1;10;N;430;
18/05/2022;0.0;0.0;22.7;28.7;18.4;2.3;6.6;0;SE;580;
19/05/2022;0.0;0.0;21.2;27.1;16.5;1.9;5.9;0;N;470;
20/05/2022;0.0;0.0;21.8;28.2;17.1;1.9;6.4;50;SSE;380;
21/05/2022;0.0;0.0;23.1;29.8;17.9;1.7;5.6;10;SSE;380;
22/05/2022;0.0;0.0;22.0;26.1;18.2;1.7;5.7;0;SE;390;
23/05/2022;0.2;0.2;20.8;26.5;17.3;2.1;8.0;0;SE;280;
24/05/2022;0.0;0.0;17.5;21.2;14.5;1.6;5.7;30;N;360;
25/05/2022;7.8;5.0;17.7;21.9;13.8;1.7;5.9;10;N;390;
26/05/2022;0.0;2.8;21.4;28.0;16.5;1.7;6.1;30;N;480;
27/05/2022;0.0;0.0;22.9;29.2;17.9;1.8;6.2;20;N;550;
28/05/2022;0.0;0.0;21.8;30.8;12.4;1.9;15.3;0;N;440;
29/05/2022;17.2;15.2;13.2;18.6;9.9;1.9;8.2;0;N;390;
30/05/2022;0.0;2.0;13.9;17.8;11.4;1.3;4.0;40;N;440;
31/05/2022;0.0;0.0;16.7;21.7;12.5;1.3;5.2;10;N;650;
01/06/2022;0.0;0.0;19.4;25.7;14.8;1.7;6.6;10;N;740;
02/06/2022;0.0;0.0;21.7;27.6;17.1;1.7;6.1;40;N;540;
03/06/2022;0.0;0.0;18.1;20.7;16.5;1.9;7.7;10;N;610;
04/06/2022;30.2;30.2;21.9;27.7;16.7;1.7;5.4;10;N;480;
05/06/2022;0.0;0.0;21.1;28.3;15.3;2.2;17.7;0;N;780;
06/06/2022;1.8;1.8;22.9;29.8;17.8;1.7;8.2;10;N;480;
07/06/2022;0.6;0.6;20.6;25.1;17.4;1.6;6.8;0;N;360;
08/06/2022;0.0;0.0;19.9;26.7;16.5;1.7;5.7;50;N;450;
09/06/2022;0.0;0.0;20.4;27.2;15.5;1.6;9.5;20;N;570;
10/06/2022;0.0;0.0;21.9;29.1;15.9;1.9;6.6;30;NNW;340;
11/06/2022;0.0;0.0;23.2;30.2;17.8;1.8;6.0;10;N;510;
12/06/2022;0.0;0.0;24.7;31.2;19.7;2.0;6.4;20;S;360;
13/06/2022;0.0;0.0;25.6;32.0;20.4;1.7;6.4;0;NNE;350;
14/06/2022;0.0;0.0;24.3;29.7;20.6;1.5;5.9;10;NNE;330;
15/06/2022;0.0;0.0;23.6;28.1;19.9;1.6;6.0;0;NE;210;
16/06/2022;0.0;0.0;26.4;32.7;20.6;1.6;5.4;20;N;590;
17/06/2022;0.0;0.0;26.6;33.0;21.6;1.7;6.0;30;NNE;350;
18/06/2022;0.0;0.0;25.9;31.9;21.3;1.6;6.6;0;NNE;450;
19/06/2022;0.0;0.0;26.1;32.3;20.9;1.6;6.0;10;N;310;
20/06/2022;0.0;0.0;26.0;32.4;20.9;1.9;6.5;10;SSE;540;
21/06/2022;0.0;0.0;24.2;30.7;19.6;1.8;7.4;0;N;230;
22/06/2022;9.6;0.0;19.7;22.6;17.2;1.9;6.6;0;N;700;
23/06/2022;1.0;10.6;21.6;27.1;18.1;2.0;8.6;20;N;480;
24/06/2022;2.4;2.0;19.2;23.3;16.7;1.8;6.6;10;N;430;
25/06/2022;1.4;1.8;22.0;28.9;15.8;1.9;5.9;0;SSE;410;
26/06/2022;0.0;0.0;23.8;30.7;18.7;1.7;7.0;20;N;490;
27/06/2022;0.0;0.0;25.5;31.7;21.4;1.7;5.5;30;N;600;
28/06/2022;0.0;0.0;21.7;23.7;16.6;2.2;11.6;0;N;1040;
29/06/2022;13.0;11.8;23.4;30.2;16.4;2.3;7.2;0;SSE;460;
30/06/2022;0.0;1.2;23.5;29.1;16.1;1.6;8.2;40;SE;250;
01/07/2022;2.0;1.8;22.5;29.1;17.0;1.6;7.0;20;;;
02/07/2022;0.0;0.2;25.2;33.1;19.7;2.0;7.1;20;N;660;
03/07/2022;0.0;0.0;26.9;34.4;21.8;2.1;7.2;10;N;690;
04/07/2022;3.0;1.4;23.2;30.8;17.9;2.2;7.9;0;N;680;
05/07/2022;3.0;4.6;25.4;33.9;18.1;1.6;6.8;20;N;360;
06/07/2022;0.0;0.0;24.8;30.8;21.7;1.9;6.6;10;N;290;
07/07/2022;1.4;1.4;24.8;31.5;20.3;1.7;7.8;10;N;390;
08/07/2022;0.0;0.0;24.4;32.3;17.6;1.8;8.3;10;N;420;
09/07/2022;0.0;0.0;24.3;30.5;19.3;1.8;7.3;10;NNE;360;
10/07/2022;0.0;0.0;24.8;31.3;18.5;2.0;8.2;0;N;350;
11/07/2022;0.0;0.0;24.9;31.2;19.7;1.8;7.1;10;SSE;270;
12/07/2022;0.0;0.0;24.8;31.7;20.0;1.8;7.2;10;SSE;280;
13/07/2022;0.0;0.0;25.0;31.0;20.8;1.8;7.2;0;SSE;230;
14/07/2022;0.0;0.0;26.2;34.2;22.0;1.6;7.1;30;N;490;
15/07/2022;0.0;0.0;28.1;36.2;22.3;2.0;6.4;0;SSE;510;
16/07/2022;0.0;0.0;27.2;34.2;20.8;1.9;7.7;0;N;260;
17/07/2022;0.0;0.0;27.3;35.1;23.1;1.7;7.3;70;NNE;400;
18/07/2022;0.0;0.0;27.6;34.1;23.5;1.8;7.4;0;NNE;480;
19/07/2022;0.0;0.0;27.6;34.5;22.7;1.8;7.0;0;N;340;
20/07/2022;0.0;0.0;28.5;34.9;23.3;1.9;7.3;0;NNE;380;
21/07/2022;0.0;0.0;29.0;36.8;24.0;1.8;8.1;0;N;480;
22/07/2022;0.0;0.0;29.2;37.0;24.3;1.9;6.8;0;N;380;
23/07/2022;0.0;0.0;26.8;32.9;21.6;1.5;5.7;30;N;410;
24/07/2022;0.0;0.0;27.9;34.6;22.9;1.8;7.4;0;N;340;
25/07/2022;0.0;0.0;27.4;37.2;19.7;2.3;11.2;10;N;330;
26/07/2022;1.8;1.8;26.1;34.9;19.7;1.9;14.0;0;N;530;
27/07/2022;0.0;0.0;24.9;33.0;18.6;2.0;8.4;10;SSE;330;
28/07/2022;0.0;0.0;22.9;29.9;18.3;1.7;9.6;40;N;580;
29/07/2022;1.8;1.8;21.3;28.7;18.2;1.7;10.3;30;N;470;
30/07/2022;0.0;0.0;24.3;32.6;17.1;1.5;5.9;30;N;550;
31/07/2022;0.0;0.0;26.4;34.5;20.6;2.3;8.5;0;N;530;
01/08/2022;0.0;0.0;27.7;36.0;22.5;2.2;7.2;0;N;660;
02/08/2022;0.0;0.0;26.1;32.8;22.8;1.9;8.1;50;N;240;
03/08/2022;0.0;0.0;26.8;34.0;21.5;2.0;7.2;20;N;540;
04/08/2022;0.0;0.0;28.2;35.4;23.3;1.8;6.6;0;N;470;
05/08/2022;0.0;0.0;28.2;36.6;21.1;1.9;7.8;10;N;570;
06/08/2022;1.8;1.8;27.4;37.1;19.0;2.2;11.5;10;N;490;
07/08/2022;2.2;2.0;22.9;31.2;14.5;2.4;12.6;0;SSE;340;
08/08/2022;47.8;47.8;23.1;31.2;16.2;2.0;6.8;10;N;630;
09/08/2022;0.0;0.2;25.2;31.0;20.8;1.8;6.4;0;N;350;
10/08/2022;0.0;0.0;25.0;31.5;20.8;1.6;6.9;0;N;310;
11/08/2022;0.0;0.0;24.7;31.0;20.5;1.9;7.2;0;NNE;370;
12/08/2022;0.0;0.0;23.8;30.0;18.1;2.1;10.1;10;SE;530;
13/08/2022;0.0;0.0;22.2;29.1;17.3;1.9;7.5;0;N;480;
14/08/2022;0.0;0.0;22.1;26.6;18.8;1.7;4.9;0;N;560;
15/08/2022;0.0;0.0;22.9;29.4;18.6;1.8;10.4;40;N;520;
16/08/2022;0.0;0.0;23.3;31.0;18.4;1.9;9.0;0;N;380;
17/08/2022;10.4;10.2;20.3;25.9;15.8;2.0;8.8;0;N;650;
18/08/2022;23.8;18.0;18.1;20.2;16.4;1.8;7.4;0;N;530;
19/08/2022;8.2;14.2;20.9;26.1;16.7;1.5;5.2;10;N;410;
20/08/2022;0.0;0.0;24.5;31.5;19.3;1.9;7.0;0;N;600;
21/08/2022;0.0;0.0;24.4;31.9;19.9;2.0;6.5;30;N;510;
22/08/2022;0.0;0.0;24.4;31.0;20.1;1.7;6.2;0;N;480;
23/08/2022;0.0;0.0;24.8;31.9;20.1;1.9;6.9;0;N;500;
24/08/2022;0.0;0.0;24.0;30.8;19.4;1.7;7.0;0;SSE;330;
25/08/2022;0.0;0.0;24.6;31.5;20.0;1.8;5.9;0;N;630;
26/08/2022;0.0;0.0;22.8;29.0;19.0;1.8;9.2;10;N;580;
27/08/2022;1.2;1.2;23.3;29.9;19.3;2.1;6.6;0;N;630;
28/08/2022;0.4;0.4;23.3;30.7;18.1;1.6;6.4;20;N;330;
29/08/2022;0.2;0.0;23.7;30.2;18.7;1.7;6.3;20;N;490;
30/08/2022;0.0;0.2;20.8;24.4;15.9;1.8;9.9;10;NNE;480;
31/08/2022;21.4;21.4;21.2;27.0;17.3;1.8;6.3;10;NNE;350;
01/09/2022;0.2;0.0;21.0;28.6;16.6;1.8;6.5;10;SSE;250;
02/09/2022;0.2;0.2;19.4;25.0;16.3;1.5;5.9;10;N;510;
03/09/2022;1.8;0.2;18.5;22.8;15.6;1.5;6.2;0;N;780;
04/09/2022;0.0;1.8;21.2;27.2;17.4;1.5;4.9;50;N;690;
05/09/2022;0.0;0.0;22.2;29.4;18.7;1.6;5.0;30;N;570;
06/09/2022;0.0;0.0;23.1;30.3;19.4;1.8;6.3;0;N;680;
07/09/2022;0.0;0.0;20.3;26.5;15.3;1.9;13.3;40;N;600;
08/09/2022;36.0;24.8;20.5;27.2;16.2;1.7;7.2;20;NNE;480;
09/09/2022;0.4;11.4;20.4;26.4;16.2;2.0;10.0;0;NNE;400;
10/09/2022;0.0;0.2;20.2;26.0;16.3;1.8;6.2;10;N;430;
11/09/2022;0.0;0.0;20.6;27.2;15.6;1.7;5.2;20;N;550;
12/09/2022;0.0;0.0;20.8;27.4;16.7;1.8;5.6;10;N;400;
13/09/2022;0.0;0.0;21.3;26.4;17.1;1.7;4.8;20;N;440;
14/09/2022;0.0;0.0;20.3;25.3;18.5;1.8;5.4;30;SE;280;
15/09/2022;0.0;0.0;22.3;28.8;18.0;1.3;5.1;60;N;610;
16/09/2022;0.0;0.0;22.3;29.4;18.0;1.7;5.7;20;N;690;
17/09/2022;0.0;0.0;17.2;22.5;11.8;2.0;9.2;0;N;620;
18/09/2022;0.0;0.0;16.0;22.8;11.1;2.1;6.1;10;N;530;
19/09/2022;0.0;0.0;17.5;24.6;12.7;1.6;5.6;10;N;640;
20/09/2022;0.0;0.0;16.8;23.0;13.1;1.9;5.7;10;N;470;
21/09/2022;0.8;0.0;12.9;14.3;10.6;1.9;8.0;0;N;770;
22/09/2022;1.2;2.0;15.1;20.9;11.8;1.7;6.0;20;NNE;350;
23/09/2022;0.0;0.0;15.0;20.0;11.9;1.2;5.0;20;NNE;440;
24/09/2022;1.2;0.0;11.7;14.3;10.4;1.5;4.6;10;NNE;630;
25/09/2022;7.0;7.8;12.8;18.5;10.7;1.8;5.6;10;N;560;
26/09/2022;1.2;1.6;14.7;21.0;10.1;1.7;6.1;50;N;660;
27/09/2022;0.0;0.0;15.6;22.9;10.9;1.5;5.5;20;NNE;440;
28/09/2022;0.0;0.0;14.0;20.1;10.8;1.7;5.7;0;N;450;
29/09/2022;0.0;0.0;14.3;21.1;11.1;1.6;5.9;10;N;410;
30/09/2022;8.6;0.8;10.6;11.5;9.7;1.8;6.1;0;NNE;610;
01/10/2022;2.0;9.8;13.6;19.7;10.0;1.4;6.0;30;N;450;
02/10/2022;0.0;0.0;17.5;23.6;12.7;2.0;5.7;0;N;500;
03/10/2022;0.0;0.0;18.9;26.3;14.6;2.0;5.3;10;N;330;
04/10/2022;0.0;0.0;16.9;22.0;14.9;1.4;4.8;40;SSE;390;
05/10/2022;0.0;0.0;16.8;19.1;15.3;1.2;3.4;10;N;340;
06/10/2022;0.0;0.0;17.4;23.3;14.0;1.7;5.0;30;N;590;
07/10/2022;0.0;0.0;18.2;24.1;14.6;1.9;5.2;0;N;630;
08/10/2022;0.0;0.0;17.0;22.7;13.8;1.9;5.3;0;N;590;
09/10/2022;18.0;6.8;13.6;14.4;13.1;1.9;6.1;0;N;880;
10/10/2022;14.4;25.6;14.1;15.8;12.6;1.6;4.5;20;N;510;
11/10/2022;0.2;0.2;15.7;22.0;12.0;1.6;4.8;90;N;670;
12/10/2022;0.0;0.0;16.2;20.1;13.9;1.5;4.5;10;N;560;
13/10/2022;0.0;0.0;15.2;19.3;13.3;1.5;4.5;0;N;590;
14/10/2022;0.0;0.0;14.8;19.7;12.6;1.5;4.4;10;N;520;
15/10/2022;0.0;0.0;15.9;21.5;12.7;1.5;3.9;50;N;440;
16/10/2022;0.0;0.0;16.9;21.6;15.1;1.3;3.6;70;N;650;
17/10/2022;0.0;0.0;16.9;22.9;14.3;1.8;4.8;0;N;760;
18/10/2022;0.0;0.0;17.7;22.9;14.3;1.7;4.6;10;N;560;
19/10/2022;0.0;0.0;18.3;24.5;14.7;1.5;4.1;10;N;530;
20/10/2022;0.0;0.0;16.7;19.2;15.0;1.2;3.5;30;NNE;520;
21/10/2022;0.6;0.0;14.6;16.1;13.9;1.5;6.0;20;ESE;300;
22/10/2022;25.4;19.4;16.0;20.2;13.8;1.2;5.0;60;NNE;340;
23/10/2022;1.0;6.6;15.1;15.9;14.0;1.3;4.9;70;NE;370;
24/10/2022;1.4;2.2;15.4;16.4;14.6;1.6;6.2;50;SE;400;
25/10/2022;0.2;0.4;16.0;20.8;14.2;1.7;4.8;0;N;500;
26/10/2022;0.0;0.0;16.9;22.1;14.6;1.6;4.8;10;N;540;
27/10/2022;0.0;0.0;16.8;22.1;13.9;1.5;4.0;60;N;690;
28/10/2022;0.0;0.0;17.7;22.7;15.1;1.6;3.9;0;N;380;
29/10/2022;0.0;0.0;18.2;23.3;15.1;1.4;3.9;40;N;390;
30/10/2022;0.0;0.0;18.1;22.4;15.7;1.6;4.5;50;N;810;
31/10/2022;0.0;0.0;17.8;23.1;14.6;1.5;5.1;60;N;430;
01/11/2022;0.0;0.0;13.5;16.8;11.3;1.7;4.7;10;NNE;410;
02/11/2022;0.6;0.6;12.7;17.3;9.2;1.5;4.3;30;N;250;
03/11/2022;0.0;0.0;11.9;15.6;9.0;1.6;6.1;50;SE;370;
04/11/2022;45.8;28.6;10.5;15.3;7.1;1.8;8.5;0;N;490;
05/11/2022;0.0;17.2;12.3;18.2;9.1;1.8;6.3;10;N;780;
06/11/2022;0.0;0.0;10.7;15.4;8.6;1.9;5.4;10;N;820;
07/11/2022;0.0;0.0;10.6;15.5;7.4;1.7;4.5;20;N;590;
08/11/2022;0.0;0.0;10.6;13.9;9.1;1.4;3.9;120;N;630;
09/11/2022;0.0;0.0;10.8;12.9;9.2;1.1;2.8;100;N;340;
10/11/2022;4.6;4.4;11.3;17.0;8.5;1.6;4.5;10;N;340;
11/11/2022;0.0;0.2;12.4;17.5;9.6;1.7;4.9;20;N;460;
12/11/2022;0.0;0.0;12.6;16.0;10.4;1.7;6.3;50;N;370;
13/11/2022;0.0;0.0;11.8;16.2;8.9;1.8;6.9;0;NNE;290;
14/11/2022;6.2;0.0;7.3;8.8;6.0;1.6;6.9;20;N;350;
15/11/2022;2.6;8.8;6.8;7.7;5.9;0.9;4.3;290;;;
16/11/2022;5.4;4.8;8.2;12.9;6.5;1.5;5.3;30;S;370;
17/11/2022;0.0;0.6;8.9;14.3;6.1;1.4;4.7;30;N;280;
18/11/2022;0.2;0.0;10.6;16.7;7.5;1.6;5.1;50;N;530;
19/11/2022;0.0;0.2;9.1;13.4;6.8;2.0;5.6;0;N;580;
20/11/2022;0.0;0.0;9.0;15.1;6.4;2.4;5.8;0;N;690;
21/11/2022;0.0;0.0;7.2;11.5;3.6;1.7;7.2;30;N;600;
22/11/2022;10.2;4.6;6.5;10.1;3.5;2.1;5.8;0;N;690;
23/11/2022;0.0;5.6;8.4;13.8;5.8;2.4;6.1;0;N;760;
24/11/2022;0.0;0.0;10.7;16.8;6.9;2.2;5.5;0;N;660;
25/11/2022;0.0;0.0;8.3;12.9;5.6;1.7;5.9;20;SSE;270;
26/11/2022;0.0;0.0;9.8;16.5;5.9;1.8;6.2;10;N;450;
27/11/2022;0.0;0.0;7.3;13.0;5.6;1.8;5.3;30;N;570;
28/11/2022;0.0;0.0;5.0;6.1;3.7;0.9;2.8;100;S;170;
29/11/2022;0.0;0.0;3.9;5.1;3.4;1.1;2.7;110;W;190;
30/11/2022;0.4;0.4;3.6;4.3;2.7;1.6;5.0;90;N;590;
01/12/2022;0.0;0.0;5.1;10.0;2.7;1.7;4.4;10;N;440;
02/12/2022;0.0;0.0;4.4;5.7;3.4;1.3;4.1;20;NNE;340;
03/12/2022;1.2;0.0;4.0;4.8;3.0;2.0;6.6;0;N;1210;
04/12/2022;27.4;12.0;5.1;6.4;4.4;1.9;6.4;50;N;850;
05/12/2022;16.8;25.0;4.9;6.8;3.3;1.7;5.3;20;N;590;
06/12/2022;0.2;8.6;5.1;10.1;2.9;1.9;5.3;0;N;740;
07/12/2022;0.0;0.0;4.2;9.1;2.3;1.7;4.3;40;N;610;
08/12/2022;0.0;0.0;3.9;7.6;2.1;1.7;4.1;40;N;470;
09/12/2022;0.6;0.0;1.2;3.6;0.0;1.2;4.2;60;N;300;
10/12/2022;7.0;7.0;4.3;8.7;1.0;2.0;6.0;0;N;640;
11/12/2022;1.0;1.6;4.1;9.1;0.1;2.7;8.2;0;N;970;
12/12/2022;0.0;0.0;-0.7;4.0;-3.1;1.8;4.7;20;N;370;
13/12/2022;;;0.1;2.0;-1.3;1.4;3.9;80;N;290;
14/12/2022;;;0.8;5.2;-1.4;1.4;3.7;50;N;370;
15/12/2022;0.0;0.0;0.9;2.5;-0.5;1.8;6.9;20;N;490;
16/12/2022;8.0;4.0;3.1;6.6;0.9;1.7;5.2;50;N;390;
17/12/2022;6.0;10.0;5.7;10.9;3.0;2.2;5.8;0;N;310;
18/12/2022;0.8;0.0;3.9;6.1;1.8;1.2;3.5;100;NNE;240;
19/12/2022;0.0;0.8;2.9;6.6;1.2;1.4;3.7;40;N;390;
20/12/2022;0.0;0.0;4.3;8.7;2.0;1.3;4.4;80;N;310;
21/12/2022;0.0;0.0;5.4;10.0;3.6;1.5;3.8;30;N;290;
22/12/2022;0.0;0.0;5.8;9.3;3.7;1.5;4.0;40;N;230;
23/12/2022;0.0;0.0;6.9;9.8;4.7;1.5;5.2;20;WSW;200;
24/12/2022;0.0;0.0;6.5;8.2;5.4;1.3;4.2;60;SSE;270;
25/12/2022;0.0;0.0;6.9;8.4;5.6;1.2;3.7;50;N;600;
26/12/2022;0.0;0.0;8.5;10.0;6.9;1.5;4.6;40;N;520;
27/12/2022;0.0;0.0;9.0;14.0;5.6;1.9;4.9;10;N;360;
28/12/2022;0.0;0.0;6.9;11.0;5.5;1.9;5.6;0;N;430;
29/12/2022;0.0;0.0;6.3;10.3;4.3;1.9;5.0;30;N;630;
30/12/2022;0.0;0.0;5.8;8.7;4.0;1.5;4.1;40;N;210;
31/12/2022;0.0;0.0;7.7;11.2;5.8;1.6;4.8;20;N;430;
